"","case_study","extinct_species_group","extant","species_name","species","extant.1","class","genus","IUCN","IUCN_year","AB_Leaves","AB_Flowers","AB_Seeds","AB_Fruits","AB_Arthro","AB_Vert","amphi_diet_breadth","amphi_diet_comments","AB_Body_mass_g","mammalBodyMass.Value","reptt_Diet","reptt_DietComments","reptile_diet_breadth","reptt_MaximumBodyMass_g","mammal_diet_breadth","X","X.1","global_range_size_km2","global_range_size_log","range_centroid_lon","range_centroid_lat","human.footprint.1993.Venter_30arcseconds","WDPA_30arcseconds","overlap_area_km2","overlap_pct_extinct_range","overlap_pct_extant_range"
"1","CS_006","Craugastor_omoaensis",FALSE,"Engystomops pustulosus","Engystomops pustulosus",1,"Amphibians","Engystomops","LC",2020,NA,NA,NA,NA,NA,NA,"","",NA,NA,NA,NA,NA,NA,NA,NA,"",894865.275413937,5.95175765593209,-74.5451673804661,9.97682878805372,7.94868115509964,4.35899418495177,32.2793152435807,100,0.0036071703898276
"2","CS_006","Craugastor_omoaensis",FALSE,"Tlalocohyla loquax","Tlalocohyla loquax",1,"Amphibians","Tlalocohyla","LC",2020,NA,NA,NA,NA,NA,NA,"","",NA,NA,NA,NA,NA,NA,NA,NA,"",348675.789986797,5.54242179354702,-89.3129746720612,17.1289905908422,6.27616214805266,6.57505192514946,32.2793152435807,100,0.0092576875626504
"3","CS_006","Craugastor_omoaensis",FALSE,"Craugastor omoaensis","Craugastor omoaensis",0,"Amphibians","Craugastor","EX",2019,NA,NA,NA,NA,NA,NA,"","",NA,NA,NA,NA,NA,NA,NA,NA,"",32.2793151974248,1.50892431263199,-88.1340404900916,15.4846806139117,11.7700001001358,0,32.2793152435807,100,100.000000142989
"4","CS_006","Craugastor_omoaensis",FALSE,"Lithobates brownorum","Lithobates brownorum",1,"Amphibians","Lithobates","LC",2022,NA,NA,NA,NA,NA,NA,"","",NA,NA,NA,NA,NA,NA,NA,NA,"",453153.248068224,5.65624509723429,-89.2818138136395,17.1095873135792,6.31716763098977,6.05702877668233,32.2793152435807,100,0.00712326688182999
"5","CS_006","Craugastor_omoaensis",FALSE,"Bolitoglossa dofleini","Bolitoglossa dofleini",1,"Amphibians","Bolitoglossa","NT",2020,NA,NA,NA,NA,NA,NA,"","",NA,NA,NA,NA,NA,NA,NA,NA,"",3163.57619280502,3.50017829863911,-87.9034849250826,15.5172605702796,5.76968750357628,0,32.2793152435807,100,1.0203425894086
"6","CS_006","Craugastor_omoaensis",FALSE,"Bolitoglossa nympha","Bolitoglossa nympha",1,"Amphibians","Bolitoglossa","LC",2020,NA,NA,NA,NA,NA,NA,"","",NA,NA,NA,NA,NA,NA,NA,NA,"",9138.91602541562,3.96089468675152,-89.0208092823327,15.7820529510719,5.58787041240268,0,32.2793152435807,100,0.353207263901002
"7","CS_006","Craugastor_omoaensis",FALSE,"Bolitoglossa diaphora","Bolitoglossa diaphora",1,"Amphibians","Bolitoglossa","EN",2019,NA,NA,NA,NA,NA,NA,"","",NA,NA,NA,NA,NA,NA,NA,NA,"",80.8997388455673,1.90794711965786,-88.1824929513013,15.5163578220775,9.22833331425985,0,32.2793152435807,100,39.9003948643147
"8","CS_006","Craugastor_omoaensis",FALSE,"Gymnopis multiplicata","Gymnopis multiplicata",1,"Amphibians","Gymnopis","LC",2015,NA,NA,NA,NA,1,NA,"","",NA,NA,NA,NA,NA,NA,NA,NA,"",182860.260313383,5.26211933367854,-84.772326056498,13.108533436529,6.99584701303087,12.2899965341054,32.2793152435807,100,0.0176524495744788
"9","CS_006","Craugastor_omoaensis",FALSE,"Bromeliohyla melacaena","Bromeliohyla melacaena",1,"Amphibians","Bromeliohyla","EN",2019,NA,NA,NA,NA,NA,NA,"","",NA,NA,NA,NA,NA,NA,NA,NA,"",242.050550405573,2.3839060745325,-88.1846589131061,15.5334300582281,12.4449996948242,0,32.2793152435807,100,13.3357743617994
"10","CS_006","Craugastor_omoaensis",FALSE,"Bolitoglossa conanti","Bolitoglossa conanti",1,"Amphibians","Bolitoglossa","VU",2020,NA,NA,NA,NA,NA,NA,"","",NA,NA,NA,NA,NA,NA,NA,NA,"",555.471725777099,2.74466195769363,-88.5901488504048,15.2987781479222,12.4449996948242,0,32.2793152435807,100,5.81115360973996
"11","CS_006","Craugastor_omoaensis",FALSE,"Bolitoglossa conanti","Bolitoglossa conanti",1,"Amphibians","Bolitoglossa","VU",2020,NA,NA,NA,NA,NA,NA,"","",NA,NA,NA,NA,NA,NA,NA,NA,"",555.471725777099,2.74466195769363,-88.5901488504048,15.2987781479222,12.4449996948242,0,32.2793152435807,100,5.81115360973996
"12","CS_006","Craugastor_omoaensis",FALSE,"Hyalinobatrachium viridissimum","Hyalinobatrachium viridissimum",1,"Amphibians","Hyalinobatrachium","LC",2022,NA,NA,NA,NA,NA,NA,"","",NA,NA,NA,NA,NA,NA,NA,NA,"",114401.258231491,5.05843080103033,-93.3486920115387,16.6099396767716,7.35579061474216,2.00727124351099,32.2793152435807,100,0.0282158743204235
"13","CS_006","Craugastor_omoaensis",FALSE,"Craugastor laevissimus","Craugastor laevissimus",1,"Amphibians","Craugastor","EN",2020,NA,NA,NA,NA,NA,NA,"","",NA,NA,NA,NA,NA,NA,NA,NA,"",24793.3599233913,4.39433538507,-87.3833310956847,14.4680755526783,8.68854731160241,0,32.2793152435807,100,0.13019338783981
"14","CS_006","Craugastor_omoaensis",FALSE,"Craugastor laticeps","Craugastor laticeps",1,"Amphibians","Craugastor","LC",2020,NA,NA,NA,NA,NA,NA,"","",80,NA,NA,NA,NA,NA,NA,NA,"",9495.741917591,3.97752890252517,-90.51362401131,16.8391469561069,5.19398150620637,10.355261168023,32.2793152435807,100,0.339934630950561
"15","CS_006","Craugastor_omoaensis",FALSE,"Duellmanohyla soralia","Duellmanohyla soralia",1,"Amphibians","Duellmanohyla","EN",2020,NA,NA,NA,NA,NA,NA,NA,"",NA,NA,NA,NA,NA,NA,NA,NA,"",1194.23338243214,3.07708920685869,-88.4020819746563,15.4630034725829,9.05250000953674,0,32.2793152435807,100,2.70293191585733
"16","CS_006","Craugastor_omoaensis",FALSE,"Leptodactylus melanonotus","Leptodactylus melanonotus",1,"Amphibians","Leptodactylus","LC",2020,NA,NA,NA,NA,NA,NA,"","",NA,NA,NA,NA,NA,NA,NA,NA,"",833155.684204853,5.9207261616392,-90.4131591342313,15.9304332608067,7.52397319885058,5.55068466875639,32.2793152435807,100,0.00387434375778009
"17","CS_006","Craugastor_omoaensis",FALSE,"Leptodactylus melanonotus","Leptodactylus melanonotus",1,"Amphibians","Leptodactylus","LC",2020,NA,NA,NA,NA,NA,NA,"","",NA,NA,NA,NA,NA,NA,NA,NA,"",833155.684204853,5.9207261616392,-90.4131591342313,15.9304332608067,7.52397319885058,5.55068466875639,32.2793152435807,100,0.00387434375778009
"18","CS_006","Craugastor_omoaensis",FALSE,"Leptodactylus melanonotus","Leptodactylus melanonotus",1,"Amphibians","Leptodactylus","LC",2020,NA,NA,NA,NA,NA,NA,"","",NA,NA,NA,NA,NA,NA,NA,NA,"",833155.684204853,5.9207261616392,-90.4131591342313,15.9304332608067,7.52397319885058,5.55068466875639,32.2793152435807,100,0.00387434375778009
"19","CS_006","Craugastor_omoaensis",FALSE,"Smilisca baudinii","Smilisca baudinii",1,"Amphibians","Smilisca","LC",2021,NA,NA,NA,NA,NA,NA,"","",NA,NA,NA,NA,NA,NA,NA,NA,"",961946.612836971,5.98315096975747,-94.643651602,18.8290293731421,7.56223538117633,3.37507785537512,32.2793152435807,100,0.0033556243987785
"20","CS_006","Craugastor_omoaensis",FALSE,"Rhinophrynus dorsalis","Rhinophrynus dorsalis",1,"Amphibians","Rhinophrynus","LC",2020,NA,NA,NA,NA,1,NA,"","",90,NA,NA,NA,NA,NA,NA,NA,"",342090.365539981,5.53414084310718,-91.1582344118521,17.8289856782234,7.54770510605784,5.71107616123145,32.2793152435807,100,0.00943590305229106
"21","CS_006","Craugastor_omoaensis",FALSE,"Bolitoglossa dunni","Bolitoglossa dunni",1,"Amphibians","Bolitoglossa","EN",2020,NA,NA,NA,NA,NA,NA,"","",NA,NA,NA,NA,NA,NA,NA,NA,"",277.022074992685,2.44251437796525,-88.3411288646124,15.427152175879,10.7987499237061,0,32.2793152435807,100,11.6522537940101
"22","CS_006","Craugastor_omoaensis",FALSE,"Scinax staufferi","Scinax staufferi",1,"Amphibians","Scinax","LC",2020,NA,NA,NA,NA,NA,NA,"","",29,NA,NA,NA,NA,NA,NA,NA,"",569553.527824557,5.75553454623146,-90.5875003874825,16.062228252,8.04588337719342,4.79947415673085,32.2793152435807,100,0.00566747700903082
"23","CS_006","Craugastor_omoaensis",FALSE,"Craugastor charadra","Craugastor charadra",1,"Amphibians","Craugastor","VU",2020,NA,NA,NA,NA,NA,NA,"","",NA,NA,NA,NA,NA,NA,NA,NA,"",3108.62949133099,3.49256896280895,-88.7017510588099,15.2901031893996,9.08972236845228,0,32.2793152435807,100,1.03837769453059
"24","CS_006","Craugastor_omoaensis",FALSE,"Agalychnis callidryas","Agalychnis callidryas",1,"Amphibians","Agalychnis","LC",2020,NA,NA,NA,NA,NA,NA,"","",12,NA,NA,NA,NA,NA,NA,NA,"",501190.034297922,5.70000242686232,-87.4341939997004,15.1546766697585,6.76109994293896,7.72200992280029,32.2793152435807,100,0.00644053413567936
"25","CS_006","Craugastor_omoaensis",FALSE,"Incilius valliceps","Incilius valliceps",1,"Amphibians","Incilius","LC",2020,NA,NA,NA,NA,NA,NA,"","",60,NA,NA,NA,NA,NA,NA,NA,"",564416.817522547,5.75159994563587,-89.2599272595688,16.6599177640004,6.6715663194379,7.41715941128442,32.2793152435807,100,0.00571905624380004
"26","CS_006","Craugastor_omoaensis",FALSE,"Incilius valliceps","Incilius valliceps",1,"Amphibians","Incilius","LC",2020,NA,NA,NA,NA,NA,NA,"","",60,NA,NA,NA,NA,NA,NA,NA,"",564416.817522547,5.75159994563587,-89.2599272595688,16.6599177640004,6.6715663194379,7.41715941128442,32.2793152435807,100,0.00571905624380004
"27","CS_006","Craugastor_omoaensis",FALSE,"Incilius valliceps","Incilius valliceps",1,"Amphibians","Incilius","LC",2020,NA,NA,NA,NA,NA,NA,"","",60,NA,NA,NA,NA,NA,NA,NA,"",564416.817522547,5.75159994563587,-89.2599272595688,16.6599177640004,6.6715663194379,7.41715941128442,32.2793152435807,100,0.00571905624380004
"28","CS_006","Craugastor_omoaensis",FALSE,"Ptychohyla hypomykter","Ptychohyla hypomykter",1,"Amphibians","Ptychohyla","VU",2020,NA,NA,NA,NA,NA,NA,"?","",NA,NA,NA,NA,NA,NA,NA,NA,"",2829.80109356596,3.45175591008167,-87.168177328678,14.5638085670338,6.6042857170105,0,32.2793152435807,100,1.14069201955478
"29","CS_006","Craugastor_omoaensis",FALSE,"Cryptotriton nasalis","Cryptotriton nasalis",1,"Amphibians","Cryptotriton","EN",2020,NA,NA,NA,NA,NA,NA,"","",NA,NA,NA,NA,NA,NA,NA,NA,"",177.770018708781,2.24985851812317,-88.2107652900706,15.5085525945749,11.1000000953674,0,32.2793152435807,100,18.1579073220778
"30","CS_006","Craugastor_omoaensis",FALSE,"Lithobates maculatus","Lithobates maculatus",1,"Amphibians","Lithobates","LC",2020,NA,NA,NA,NA,NA,NA,"","",113,NA,NA,NA,NA,NA,NA,NA,"",184811.312681956,5.26672855175951,-88.4632491004615,14.5916955243024,9.27642350275321,0.532665325755925,32.2793152435807,100,0.0174660927273054
"31","CS_006","Craugastor_omoaensis",FALSE,"Lithobates maculatus","Lithobates maculatus",1,"Amphibians","Lithobates","LC",2020,NA,NA,NA,NA,NA,NA,"","",113,NA,NA,NA,NA,NA,NA,NA,"",184811.312681956,5.26672855175951,-88.4632491004615,14.5916955243024,9.27642350275321,0.532665325755925,32.2793152435807,100,0.0174660927273054
"32","CS_006","Craugastor_omoaensis",FALSE,"Lithobates maculatus","Lithobates maculatus",1,"Amphibians","Lithobates","LC",2020,NA,NA,NA,NA,NA,NA,"","",113,NA,NA,NA,NA,NA,NA,NA,"",184811.312681956,5.26672855175951,-88.4632491004615,14.5916955243024,9.27642350275321,0.532665325755925,32.2793152435807,100,0.0174660927273054
"33","CS_006","Craugastor_omoaensis",FALSE,"Dendropsophus microcephalus","Dendropsophus microcephalus",1,"Amphibians","Dendropsophus","LC",2023,NA,NA,NA,NA,NA,NA,"","",28,NA,NA,NA,NA,NA,NA,NA,"",4737574.54112976,6.67555605623136,-64.2407925083701,0.791763637530908,2.92162908173767,8.23546958992596,32.2793152435807,100,0.000681346857201811
"34","CS_006","Craugastor_omoaensis",FALSE,"Dendropsophus microcephalus","Dendropsophus microcephalus",1,"Amphibians","Dendropsophus","LC",2023,NA,NA,NA,NA,NA,NA,"Duplicated","",28,NA,NA,NA,NA,NA,NA,NA,"",4737574.54112976,6.67555605623136,-64.2407925083701,0.791763637530908,2.92162908173767,8.23546958992596,32.2793152435807,100,0.000681346857201811
"35","CS_006","Craugastor_omoaensis",FALSE,"Craugastor rostralis","Craugastor rostralis",1,"Amphibians","Craugastor","VU",2020,NA,NA,NA,NA,NA,NA,"","",NA,NA,NA,NA,NA,NA,NA,NA,"",1639.55572432479,3.21472618181996,-88.8417730722736,15.2184026589272,9.36687505245209,0,32.2793152435807,100,1.96878427275621
"36","CS_006","Craugastor_omoaensis",FALSE,"Trachycephalus vermiculatus","Trachycephalus vermiculatus",1,"Amphibians","Trachycephalus","LC",2023,NA,NA,NA,NA,NA,NA,"","",NA,NA,NA,NA,NA,NA,NA,NA,"",931017.947032345,5.96895805286318,-85.8224453655602,13.3300116950037,8.21149517304093,6.78941961225813,32.2793152435807,100,0.00346709914094269
"37","CS_006","Craugastor_omoaensis",FALSE,"Bromeliohyla bromeliacia","Bromeliohyla bromeliacia",1,"Amphibians","Bromeliohyla","LC",2020,NA,NA,NA,NA,NA,NA,"","",NA,NA,NA,NA,NA,NA,NA,NA,"",553.086831264063,2.742793318246,-88.3534494457109,15.5718214903725,7.32000017166138,0,32.2793152435807,100,5.83621113701213
"38","CS_006","Craugastor_omoaensis",FALSE,"Hypopachus variolosus","Hypopachus variolosus",1,"Amphibians","Hypopachus","LC",2020,NA,NA,NA,NA,1,NA,"","",NA,NA,NA,NA,NA,NA,NA,NA,"",759251.162329576,5.88038546544764,-94.7061829196124,18.9075299424003,7.63437016982697,3.28398901900077,32.2793152435807,100,0.00425146734639689
"39","CS_006","Craugastor_omoaensis",FALSE,"Rhinella horribilis","Rhinella horribilis",1,"Amphibians","Rhinella","LC",2023,NA,NA,NA,NA,NA,NA,"","",NA,NA,NA,NA,NA,NA,NA,NA,"",1893889.48723993,6.2773546333356,-89.3244959341645,14.6783018899554,7.68899817595384,3.08226646725667,32.2793152435807,100,0.00170439275686689
"40","CS_006","Craugastor_omoaensis",FALSE,"Incilius campbelli","Incilius campbelli",1,"Amphibians","Incilius","LC",2020,NA,NA,NA,NA,NA,NA,"","",NA,NA,NA,NA,NA,NA,NA,NA,"",590.265634514364,2.77104749917032,-88.3313767377567,15.4513602728529,9.6391666730245,0,32.2793152435807,100,5.46860825976058
"41","CS_006","Craugastor_omoaensis",FALSE,"Leptodactylus fragilis","Leptodactylus fragilis",1,"Amphibians","Leptodactylus","LC",2021,NA,NA,NA,NA,NA,NA,"","",NA,NA,NA,NA,NA,NA,NA,NA,"",1556429.57475073,6.19212947452763,-82.3492802792182,13.3294834892183,7.51455954510423,5.37315447589447,32.2793152435807,100,0.00207393355711263
"42","CS_006","Craugastor_omoaensis",FALSE,"Craugastor chac","Craugastor chac",1,"Amphibians","Craugastor","LC",2020,NA,NA,NA,NA,NA,NA,"","",NA,NA,NA,NA,NA,NA,NA,NA,"",1956.05503017343,3.29138106873608,-87.7117216358876,15.576488212585,7.7029166618983,0,32.2793152435807,100,1.65022531297183
"43","CS_006","Craugastor_omoaensis",FALSE,"Craugastor chac","Craugastor chac",1,"Amphibians","Craugastor","LC",2020,NA,NA,NA,NA,NA,NA,"","",NA,NA,NA,NA,NA,NA,NA,NA,"",1956.05503017343,3.29138106873608,-87.7117216358876,15.576488212585,7.7029166618983,0,32.2793152435807,100,1.65022531297183
"44","CS_006","Craugastor_omoaensis",FALSE,"Lithobates vaillanti","Lithobates vaillanti",1,"Amphibians","Lithobates","LC",2020,NA,NA,NA,NA,1,1,"","",125,NA,NA,NA,NA,NA,NA,NA,"",507090.898464288,5.70508581567071,-84.7208364115914,12.1960248547772,6.67004951415184,6.85112633058507,32.2793152435807,100,0.00636558757834893
"45","CS_006","Craugastor_omoaensis",FALSE,"Lithobates vaillanti","Lithobates vaillanti",1,"Amphibians","Lithobates","LC",2020,NA,NA,NA,NA,1,1,"","",125,NA,NA,NA,NA,NA,NA,NA,"",507090.898464288,5.70508581567071,-84.7208364115914,12.1960248547772,6.67004951415184,6.85112633058507,32.2793152435807,100,0.00636558757834893
"46","CS_006","Craugastor_omoaensis",FALSE,"Bolitoglossa mexicana","Bolitoglossa mexicana",1,"Amphibians","Bolitoglossa","LC",2020,NA,NA,NA,NA,1,NA,"","",NA,NA,NA,NA,NA,NA,NA,NA,"",204003.439394548,5.30963748947238,-88.8614779322943,15.8234359262526,6.74075609696348,1.4451642079393,32.2793152435807,100,0.0158229269758299
"47","CS_006","Craugastor_omoaensis",FALSE,"Dermophis mexicanus","Dermophis mexicanus",1,"Amphibians","Dermophis","LC",2020,NA,NA,NA,NA,NA,NA,"generalist","Wake, M. H. (2003). ''Mexican caecilian, Dermophis mexicanus.'' Grzimek's Animal Life Encyclopedia, Volume 6, Amphibians. 2nd edition. M. Hutchins, W. E. Duellman, and N. Schlager, eds., Gale Group, Farmington Hills, Michigan.",NA,NA,NA,NA,NA,NA,NA,NA,"",17060.4266009582,4.23198988662786,-87.8830315473887,15.4489525361434,9.12801026811405,0,32.2793152435807,100,0.189205791851463
"48","CS_006","Craugastor_omoaensis",TRUE,"Craugastor omoaensis","Craugastor omoaensis",0,"Amphibians","Craugastor","EX",2019,NA,NA,NA,NA,NA,NA,"","",NA,NA,NA,NA,NA,NA,NA,NA,"",32.2793152435807,1.50892431325299,-88.1340404900724,15.484680613919,11.7700001001358,0,32.2793152435807,100,100
